{"best_epoch": 982, "train_mse": 1.4625386313582566e-06, "test_mse": 2.7210841381020145e-06, "train_l2_rel": 0.015812749152394886, "test_l2_rel": 0.02326377222732622, "train_mse_total": 0.06003697858933283, "test_mse_total": 0.11064201350114783, "train_mse_ux": 0.036296824858124764, "test_mse_ux": 0.08245144936503196, "train_mse_uy": 0.02286166329963171, "test_mse_uy": 0.026525483751783565, "train_mse_p": 0.0008784907032739804, "test_mse_p": 0.0016650812206219655}