{"best_epoch": 982, "train_mse": 1.5359323242591926e-06, "test_mse": 2.6146782602154416e-06, "train_l2_rel": 0.016194469732593517, "test_l2_rel": 0.022900012682895272, "train_mse_total": 0.06289703054923793, "test_mse_total": 0.1063506007194519, "train_mse_ux": 0.039031087839025626, "test_mse_ux": 0.08051410986452687, "train_mse_uy": 0.022548465381319424, "test_mse_uy": 0.024336714525612032, "train_mse_p": 0.0013174765530010871, "test_mse_p": 0.0014997779638791571}