{"best_epoch": 989, "train_mse": 1.5969610529964484e-06, "test_mse": 2.7346932711225234e-06, "train_l2_rel": 0.01620814986812065, "test_l2_rel": 0.023377685522546574, "train_mse_total": 0.06552862491914813, "test_mse_total": 0.11123285001637984, "train_mse_ux": 0.040856506124290884, "test_mse_ux": 0.08359876700810023, "train_mse_uy": 0.022910069298873445, "test_mse_uy": 0.025959498724158928, "train_mse_p": 0.0017620500304047356, "test_mse_p": 0.0016745860517329099}