{"best_epoch": 947, "train_mse": 1.5359482489429866e-06, "test_mse": 2.72978977591265e-06, "train_l2_rel": 0.016217213736999095, "test_l2_rel": 0.023296199891032005, "train_mse_total": 0.06302856252889852, "test_mse_total": 0.11115530558994838, "train_mse_ux": 0.03955792352481156, "test_mse_ux": 0.08378891190704034, "train_mse_uy": 0.022681356493231594, "test_mse_uy": 0.025857506661998982, "train_mse_p": 0.0007892828668947023, "test_mse_p": 0.001508887591106551}