{"best_epoch": 1000, "train_mse": 1.6057207545827623e-06, "test_mse": 2.730513233473175e-06, "train_l2_rel": 0.01640616231883059, "test_l2_rel": 0.023296735420518994, "train_mse_total": 0.06594691720163944, "test_mse_total": 0.11108525066959615, "train_mse_ux": 0.04093174014848714, "test_mse_ux": 0.08257680644794387, "train_mse_uy": 0.02376322210671342, "test_mse_uy": 0.02698629364675405, "train_mse_p": 0.0012519539261714328, "test_mse_p": 0.0015221521524446352}