{"best_epoch": 999, "train_mse": 1.5562702955662644e-06, "test_mse": 2.7098114514956252e-06, "train_l2_rel": 0.016361571568045383, "test_l2_rel": 0.02318391812090971, "train_mse_total": 0.0638421091764253, "test_mse_total": 0.11022365214873334, "train_mse_ux": 0.040190103121710063, "test_mse_ux": 0.08327339133437799, "train_mse_uy": 0.022727681532958333, "test_mse_uy": 0.025405403910850992, "train_mse_p": 0.0009243246256434703, "test_mse_p": 0.0015448562952936912}